text,label_id,label_text
"Sutherland Statutory Construction, Vol.",7,Invalid sentence
Payment.,7,Invalid sentence
"U.S. v. Karnes, 437 F.2d 284, 287 (9th Cir.",7,Invalid sentence
1971); cert.,7,Invalid sentence
"denied, 402 U.S. 1008, 91 S.Ct.",7,Invalid sentence
2189 (U.S. 1971).,7,Invalid sentence
It should be noted that §6500.13 was repealed and reenacted by §8 of P.L.,7,Invalid sentence
"Dombrowski v. Pfister, 380 U.S. 479 , 494 , 85 S.Ct.",7,Invalid sentence
"Kusper v. Pontikes, 414 U.S. 51, 58-59, 94 S.Ct.",7,Invalid sentence
"Hynes v. Mayor and Council of Borough of Oradell, 425 U.S. 610, 620,96 S.Ct.",7,Invalid sentence
"1755 (U.S. 1976), quoting N.A.A.C.P.",7,Invalid sentence
"v. Button, 371 U.S. 415, 433, 83 S.Ct.",7,Invalid sentence
328 (U.S. 1963).,7,Invalid sentence
303 (U.S. 1973).,7,Invalid sentence
1116 (U.S. 1965).,7,Invalid sentence
"U.S. v. Angcog, 190 F.Supp.",7,Invalid sentence
"696, 700 (D.C. 1961).",7,Invalid sentence
"People v. Fitzgerald, 14 Cal.App 2d 180 (1936) cert.",7,Invalid sentence
"(Transcript, Exhibit 1 to Plaintiffs' Motion to compel.",7,Invalid sentence
den.,7,Invalid sentence
"Government of Guam, Superior Court civil Case No.",7,Invalid sentence
Coates v.,7,Invalid sentence
1A Section 23.09.,7,Invalid sentence
"only with narrow specificity.""",7,Invalid sentence
Defendant relies on Kauss v.,7,Invalid sentence
"seq.) is limited to actions which may be brought under the Claims Act, and thus does not affect an allegation of an intentional tort.",7,Invalid sentence
"299 U.S. 593, 57 S.Ct.",7,Invalid sentence
"612, 48 L.Ed.2d 1.",7,Invalid sentence
"If adequate notice was given to counsel for the Government, perhaps the Superior Court would have been supplied with the",7,Invalid sentence
13-116 after the expiration date.,7,Invalid sentence
§6500.19.,7,Invalid sentence
(Emphasis added).,7,Invalid sentence
"See In Re Morrow, (CATex.",7,Invalid sentence
Section 6 of P.L.,7,Invalid sentence
14-29 repealed §9 of P.L.,7,Invalid sentence
13-116.,7,Invalid sentence
It is the decision of this Court that any bar to a plaintiff's action against an individual tort-feasor under the Government Claims Act (Government Code §6500 et.,7,Invalid sentence
Limitation on Tort Liability,7,Invalid sentence
1974) 502 F.2d 520.,7,Invalid sentence
"""§6500.13.",7,Invalid sentence
"(Transcript, page 16).",7,Invalid sentence
No. 90F-79).,7,Invalid sentence
Emphasis Supplied.),7,Invalid sentence
"""(I)n the First Amendment area 'government may regulate.",7,Invalid sentence
"Although the defendant was not technically under arrest and was not interrogated at police headquarters, he was taken .into effective custody so that ""the behavior of .",7,Invalid sentence
842-78.),7,Invalid sentence
In addition to the weight to be given to this statutory alteration of the,7,Invalid sentence
What plaintiff has done is,7,Invalid sentence
This claim,7,Invalid sentence
"Government of Guam, Superior Court Case No. 680-77.",7,Invalid sentence
"Section 6500.13 limits the Government's liability to $100,000.00 (See Decision and Order of February 11, 1980, Paulin v.",7,Invalid sentence
"Rogers v. Richmond, 365 U.S. 534, 544 (1961), cited with approval in Beckwith v. U.S., 425 U.S. 341, 96 S.Ct.",7,Invalid sentence
1A Section 23.10.,7,Invalid sentence
"(Transcript at pages, 2, 4, 11 and 13).",7,Invalid sentence
"City of Cincinnati, 402 U.S. 611, 619, 91 S.Ct.",7,Invalid sentence
1686 (U.S. 1971).,7,Invalid sentence
The significance of this fact is that the extent of permissible regulation greatly,7,Invalid sentence
"On November 26, 1979, a Motion to Suppress was scheduled in the Superior Court in People of the Territory of Guam v. Larry J. Flores, (S.Ct.",7,Invalid sentence
law enforcement officials was such as to overbear petitioner's will to resist and bring about [a confession which was not] freely self-determined.,7,Invalid sentence
